-- =============================================================
-- seed.sql — 外卖配送信息系统 · 演示数据
-- 用法：先执行 schema 建表，再执行本文件灌入演示数据。
-- SQLite 和 MySQL 通用（只用标准 INSERT 语法）。
--
-- 【重要】所有演示用户的登录密码都是：123456
--   password_hash 是 "123456" 的真实 bcrypt 哈希，后端能验证通过。
-- =============================================================

-- SQLite 执行时请确保外键已开启：PRAGMA foreign_keys = ON;
-- MySQL 执行前请先 USE fooddelivery;

-- -------------------------------------------------------------
-- 1. 角色（5 种）
-- -------------------------------------------------------------
INSERT INTO roles (id, name, display_name, description) VALUES
(1, 'customer',  '顾客',   '下单买家'),
(2, 'rider',     '骑手',   '接单配送'),
(3, 'merchant',  '商家',   '出餐卖家'),
(4, 'analyst',   '分析师', '数据分析，只读'),
(5, 'regulator', '监管',   '平台监管，只读+维护危险路段');

-- -------------------------------------------------------------
-- 2. 权限项
-- -------------------------------------------------------------
INSERT INTO permissions (id, code, description) VALUES
(1, 'order.create',        '下单'),
(2, 'order.accept',        '接单'),
(3, 'order.update_status', '更新订单状态'),
(4, 'menu.manage',         '管理菜单'),
(5, 'analytics.view',      '查看数据分析'),
(6, 'regulator.view',      '监管只读'),
(7, 'riskzone.manage',     '维护危险路段');

-- -------------------------------------------------------------
-- 3. 角色-权限关联
-- -------------------------------------------------------------
INSERT INTO role_permissions (role_id, permission_id) VALUES
(1, 1),                 -- 顾客：下单
(2, 2), (2, 3),         -- 骑手：接单、更新状态
(3, 3), (3, 4),         -- 商家：更新状态、管理菜单
(4, 5),                 -- 分析师：看分析
(5, 6), (5, 7);         -- 监管：只读、维护危险路段

-- -------------------------------------------------------------
-- 4. 用户（密码都是 123456）
--   id 1-3 顾客 / 4-5 骑手 / 6-7 商家 / 8 分析师 / 9 监管
-- -------------------------------------------------------------
INSERT INTO users (id, username, password_hash, role_id, phone, email, nickname, two_factor_enabled) VALUES
(1, 'customer01', '$2b$12$uZza9FJbTtfURgOwXE30e.VTJ40wbyJ8mYZ8HZPSDkFfAopu/43na', 1, '13800000001', 'c1@demo.com', '小明', 0),
(2, 'customer02', '$2b$12$uZza9FJbTtfURgOwXE30e.VTJ40wbyJ8mYZ8HZPSDkFfAopu/43na', 1, '13800000002', 'c2@demo.com', '小红', 1),
(3, 'customer03', '$2b$12$uZza9FJbTtfURgOwXE30e.VTJ40wbyJ8mYZ8HZPSDkFfAopu/43na', 1, '13800000003', 'c3@demo.com', '小刚', 0),
(4, 'rider01',    '$2b$12$uZza9FJbTtfURgOwXE30e.VTJ40wbyJ8mYZ8HZPSDkFfAopu/43na', 2, '13900000001', 'r1@demo.com', '骑手阿强', 0),
(5, 'rider02',    '$2b$12$uZza9FJbTtfURgOwXE30e.VTJ40wbyJ8mYZ8HZPSDkFfAopu/43na', 2, '13900000002', 'r2@demo.com', '骑手阿伟', 0),
(6, 'merchant01', '$2b$12$uZza9FJbTtfURgOwXE30e.VTJ40wbyJ8mYZ8HZPSDkFfAopu/43na', 3, '13700000001', 'm1@demo.com', '黄焖鸡总店', 0),
(7, 'merchant02', '$2b$12$uZza9FJbTtfURgOwXE30e.VTJ40wbyJ8mYZ8HZPSDkFfAopu/43na', 3, '13700000002', 'm2@demo.com', '奶茶铺', 0),
(8, 'analyst01',  '$2b$12$uZza9FJbTtfURgOwXE30e.VTJ40wbyJ8mYZ8HZPSDkFfAopu/43na', 4, '13600000001', 'a1@demo.com', '分析师', 0),
(9, 'regulator01','$2b$12$uZza9FJbTtfURgOwXE30e.VTJ40wbyJ8mYZ8HZPSDkFfAopu/43na', 5, '13500000001', 'g1@demo.com', '监管员', 0);

-- -------------------------------------------------------------
-- 5. 菜品（商家6:黄焖鸡店 / 商家7:奶茶铺）
-- -------------------------------------------------------------
INSERT INTO menu_items (id, merchant_id, name, price, category, status) VALUES
(1, 6, '黄焖鸡米饭',   22.00, '正餐', 1),
(2, 6, '红烧排骨饭',   26.00, '正餐', 1),
(3, 6, '番茄牛腩饭',   28.00, '正餐', 1),
(4, 6, '麻辣香锅',     35.00, '正餐', 1),
(5, 6, '紫菜蛋花汤',    6.00, '汤品', 1),
(6, 7, '珍珠奶茶',     12.00, '饮品', 1),
(7, 7, '杨枝甘露',     18.00, '饮品', 1),
(8, 7, '柠檬水',        8.00, '饮品', 1),
(9, 7, '芝士奶盖茶',   16.00, '饮品', 1),
(10, 7, '烤肠（小吃）', 5.00, '小吃', 1);

-- -------------------------------------------------------------
-- 6. 订单（不同状态、不同日期，便于演示时段分析）
--   状态流转: pending->accepted->preparing->delivering->completed
-- -------------------------------------------------------------
INSERT INTO orders (id, customer_id, rider_id, merchant_id, total_amount, status, delivery_address, dest_lat, dest_lng, remark, created_at, completed_at) VALUES
(1, 1, 4, 6, 50.00, 'completed',  'XX大学3号宿舍楼', 31.2304000, 121.4737000, '不要辣',   '2026-06-01 12:05:00', '2026-06-01 12:48:00'),
(2, 2, 4, 7, 30.00, 'completed',  'XX大学图书馆',    31.2310000, 121.4750000, NULL,       '2026-06-01 14:20:00', '2026-06-01 14:55:00'),
(3, 3, 5, 6, 28.00, 'completed',  'XX大学体育馆',    31.2295000, 121.4720000, '多放醋',   '2026-06-02 11:40:00', '2026-06-02 12:20:00'),
(4, 1, 5, 7, 34.00, 'completed',  'XX大学3号宿舍楼', 31.2304000, 121.4737000, NULL,       '2026-06-02 18:30:00', '2026-06-02 19:10:00'),
(5, 2, 4, 6, 61.00, 'completed',  'XX大学教学楼A',   31.2320000, 121.4760000, NULL,       '2026-06-03 12:15:00', '2026-06-03 12:52:00'),
(6, 3, NULL, 6, 22.00, 'delivering','XX大学体育馆',   31.2295000, 121.4720000, NULL,       '2026-06-08 12:30:00', NULL),
(7, 1, NULL, 7, 26.00, 'preparing', 'XX大学3号宿舍楼',31.2304000, 121.4737000, '少冰',     '2026-06-08 13:00:00', NULL),
(8, 2, NULL, 6, 35.00, 'pending',   'XX大学图书馆',   31.2310000, 121.4750000, NULL,       '2026-06-08 13:10:00', NULL);

-- -------------------------------------------------------------
-- 7. 订单明细
-- -------------------------------------------------------------
INSERT INTO order_items (order_id, menu_item_id, quantity, unit_price) VALUES
(1, 1, 2, 22.00), (1, 5, 1, 6.00),       -- 订单1: 黄焖鸡x2 + 汤
(2, 6, 1, 12.00), (2, 7, 1, 18.00),      -- 订单2: 奶茶 + 杨枝甘露
(3, 3, 1, 28.00),                        -- 订单3: 番茄牛腩饭
(4, 9, 1, 16.00), (4, 6, 1, 12.00), (4, 10, 1, 5.00),  -- 订单4
(5, 4, 1, 35.00), (5, 2, 1, 26.00),      -- 订单5
(6, 1, 1, 22.00),                        -- 订单6
(7, 2, 1, 26.00),                        -- 订单7
(8, 4, 1, 35.00);                        -- 订单8

-- -------------------------------------------------------------
-- 8. 订单状态流水（演示订单1的完整生命周期）
-- -------------------------------------------------------------
INSERT INTO order_status_log (order_id, status, operator_id, changed_at) VALUES
(1, 'pending',    1, '2026-06-01 12:05:00'),
(1, 'accepted',   6, '2026-06-01 12:08:00'),
(1, 'preparing',  6, '2026-06-01 12:10:00'),
(1, 'delivering', 4, '2026-06-01 12:25:00'),
(1, 'completed',  4, '2026-06-01 12:48:00');

-- -------------------------------------------------------------
-- 9. 配送文件元数据（演示非结构化存储；文件本体假设在磁盘）
-- -------------------------------------------------------------
INSERT INTO delivery_photos (order_id, file_path, file_type, uploaded_by) VALUES
(1, 'uploads/2026/order_1_done.jpg',  'photo', 4),   -- 骑手送达拍照
(2, 'uploads/2026/order_2_done.jpg',  'photo', 4),
(7, 'uploads/2026/order_7_voice.mp3', 'audio', 1);   -- 顾客语音搜索

-- -------------------------------------------------------------
-- 10. 推荐记录（演示 AI 可解释性）
-- -------------------------------------------------------------
INSERT INTO recommendation_log (user_id, recommended_items, algorithm) VALUES
(1, '[2,4,6]',  'collaborative'),
(2, '[7,9]',    'apriori');

-- -------------------------------------------------------------
-- 11. 危险路段（监管维护，骑手安全提示）
-- -------------------------------------------------------------
INSERT INTO risk_zones (name, center_lat, center_lng, radius_m, risk_level, description, created_by) VALUES
('北门急转弯',     31.2330000, 121.4700000, 120, 3, '夜间照明差，事故高发', 9),
('食堂路口',       31.2300000, 121.4740000, 80,  2, '人流密集，上下课高峰拥堵', 9),
('环湖路坡道',     31.2280000, 121.4710000, 150, 2, '下雨易打滑', 9);

-- 完成。演示数据灌入成功，可以开始查询验证。
